days,actual_global_radiation,lrm_forecast_global_radiation
365,0.38,0.39338380630709874
366,0.11,0.5522380435875862
367,0.29,0.679431277431888
368,0.42,0.7727325296072763
369,0.11,0.8532836515169043
370,0.11,0.9095776482277752
371,0.25,0.9485966758031781
372,0.12,0.9998242096448544
373,0.23,1.0233830681118414
374,0.31,1.0462131349280128
