days,actual_humidity,lrm_forecast_humidity
365,0.92,0.8901444046530915
366,0.91,0.871278217069329
367,0.83,0.8589773248829675
368,0.86,0.8500755523041781
369,0.89,0.8456759901796557
370,0.92,0.8433164424779981
371,0.92,0.8389162320079141
372,0.91,0.8402024840696876
373,0.94,0.8384344822174714
374,0.94,0.8377510439123506
