days,actual_temp_min,lrm_forecast_temp_min
365,-4.5,0.28352914920148836
366,1.0,1.117789793519607
367,5.6,1.8415424694024103
368,4.5,2.491269820956393
369,5.8,3.051065974108438
370,6.2,3.562684561702843
371,4.1,4.006673316634281
372,3.6,4.422545388935786
373,1.3,4.744726816418256
374,1.1,5.020225315308357
