days,actual_temp_max,lrm_forecast_temp_max
365,2.3,4.339077482390676
366,6.3,5.133360540193581
367,11.2,5.846083856753478
368,9.9,6.517799072684266
369,9.1,7.121609150074052
370,10.7,7.669769343534074
371,7.6,8.194719182336895
372,6.8,8.676584154387653
373,5.5,9.110999540632996
374,5.5,9.506153521548338
