days,actual_wind_speed,lrm_forecast_wind_speed
365,3.7,3.1890985222441866
366,5.8,3.3979531471850764
367,6.0,3.577350627330185
368,5.3,3.6517301964176685
369,6.2,3.7214412391746574
370,5.9,3.7676917764477547
371,4.0,3.8018247436758874
372,4.4,3.827036111067527
373,3.8,3.8477613277474894
374,2.5,3.8307404570141133
