days,actual_wind_gust,lrm_forecast_wind_gust
365,12.0,10.407224398969797
366,15.0,10.569735832976331
367,15.0,10.730231935582331
368,13.0,10.912300386367303
369,14.0,10.84734984475974
370,20.0,10.809928111104314
371,10.0,10.935024569476505
372,11.0,10.923726674717047
373,10.0,10.92213315022127
374,7.0,10.929861783438671
